<?xml version="1.0" encoding="UTF-8"?>
<blueprint xmlns="http://www.osgi.org/xmlns/blueprint/v1.0.0">

    <camelContext xmlns="http://camel.apache.org/schema/blueprint">
        <route>
            <from uri="timer:first?period=500"/>
	    <setBody><constant>Hello chapter5u</constant></setBody>
            <to uri="log:regular"/>
            <sample messageFrequency="5">
                <to uri="direct:frequency"/>
            </sample>
        </route>
        <route>
            <from uri="direct:frequency"/>
            <to uri="log:frequency"/>
        </route>
    </camelContext>

</blueprint>
