<?xml version="1.0" encoding="UTF-8"?>
<blueprint xmlns="http://www.osgi.org/xmlns/blueprint/v1.0.0">

    <bean id="checker" class="com.packt.camel.chapter7c.Checker"/>

    <camelContext xmlns="http://camel.apache.org/schema/blueprint">
        <errorHandler id="myLoggingErrorHandler" type="LoggingErrorHandler" logName="packt" level="ERROR"/>
        <route errorHandlerRef="myLoggingErrorHandler">
            <from uri="jetty:http://0.0.0.0:9999/my/route"/>
            <to uri="bean:checker"/>
        </route>
    </camelContext>

</blueprint>
