<?xml version="1.0" encoding="UTF-8"?>
<blueprint xmlns="http://www.osgi.org/xmlns/blueprint/v1.0.0">

    <bean id="routingSlipBean" class="com.packt.camel.chapter5s.RoutingSlipBean"/>

    <camelContext xmlns="http://camel.apache.org/schema/blueprint">
        <route>
            <from uri="timer:fire?period=5000"/>
            <setBody>
                <constant>Hello chapter5s</constant>
            </setBody>
            <setHeader headerName="slip">
                <method bean="routingSlipBean" method="nextSteps"/>
            </setHeader>
            <routingSlip uriDelimiter=",">
                <header>slip</header>
            </routingSlip>
        </route>
        <route>
            <from uri="direct:one"/>
            <to uri="log:one"/>
        </route>
        <route>
            <from uri="direct:two"/>
            <to uri="log:two"/>
        </route>
    </camelContext>

</blueprint>
