<?xml version="1.0" encoding="UTF-8"?>
<blueprint xmlns="http://www.osgi.org/xmlns/blueprint/v1.0.0">
   
    <camelContext xmlns="http://camel.apache.org/schema/blueprint">
        <onException>
            <exception>java.io.IOException</exception>
            <redeliveryPolicy maximumRedeliveries="3"/>
            <handled><constant>true</constant></handled>
            <to uri="ftp://fallbackftp.packt.com?user=anonymous&amp;password=foobar"/>
        </onException>
        <route>
            <from uri="file:/tmp/in"/>
            <to uri="ftp://ftp.packt.com?user=anonymous&amp;password=foobar"/>
        </route>
    </camelContext>

</blueprint>
