<?xml version="1.0" encoding="UTF-8"?>
<blueprint xmlns="http://www.osgi.org/xmlns/blueprint/v1.0.0">

    <bean id="checker" class="com.packt.camel.chapter7e.Checker"/>

    <camelContext xmlns="http://camel.apache.org/schema/blueprint" errorHandlerRef="deadLetterErrorHandler">
        <errorHandler id="noErrorHandler" type="NoErrorHandler"/>
        <route>
            <from uri="jetty:http://0.0.0.0:9999/my/route"/>
            <to uri="bean:checker"/>
        </route>
        <route errorHandlerRef="noErrorHandler">
             <from uri="jetty:http://0.0.0.0:8888/my/route"/>
             <to uri="bean:checker"/>
        </route>
    </camelContext>

    <bean id="deadLetterErrorHandler" class="org.apache.camel.builder.DeadLetterChannelBuilder">
        <property name="deadLetterUri" value="direct:error"/>
        <property name="redeliveryPolicy" ref="myRedeliveryPolicyConfig"/>
    </bean>
 
    <bean id="myRedeliveryPolicyConfig" class="org.apache.camel.processor.RedeliveryPolicy">
        <property name="maximumRedeliveries" value="3"/>
        <property name="redeliveryDelay" value="5000"/>
    </bean>

</blueprint>
