<?xml version="1.0" encoding="UTF-8"?>
<blueprint xmlns="http://www.osgi.org/xmlns/blueprint/v1.0.0">

    <camelContext xmlns="http://camel.apache.org/schema/blueprint">
        <route>
            <from uri="timer:first?period=500"/>
	    <setBody><constant>Hello chapter5t</constant></setBody>
            <throttle timePeriodMillis="2000">
                <constant>1</constant>
                <to uri="direct:sla"/>
            </throttle>
        </route>
        <route>
            <from uri="direct:sla"/>
            <to uri="log:sla"/>
        </route>
    </camelContext>

</blueprint>
