<?xml version="1.0" encoding="UTF-8"?>
<blueprint xmlns="http://www.osgi.org/xmlns/blueprint/v1.0.0">

    <bean id="dynamicRouterBean" class="com.packt.camel.chapter5l.DynamicRouterBean"/>

    <camelContext xmlns="http://camel.apache.org/schema/blueprint">
        <route>
            <from uri="timer:fire?period=5000"/>
            <setBody>
                <constant>Hello chapter5l</constant>
            </setBody>
            <dynamicRouter>
                <method ref="dynamicRouterBean" method="slip"/>
            </dynamicRouter>
        </route>
        <route>
            <from uri="direct:large"/>
            <to uri="log:large"/>
        </route>
        <route>
            <from uri="direct:small"/>
            <to uri="log:small"/>
        </route>
    </camelContext>

</blueprint>
